customer_id,customer_name,email,city
101,Rahul Sharma,rahul@gmail.com,Mumbai
102,Anita Verma,anita@gmail.com,Delhi
103,Rohit Mehta,rohit@gmail.com,Bangalore
104,Priya Singh,priya@gmail.com,Pune
105,Amit Kumar,amit@gmail.com,Hyderabad
